epoch,phase,lr,train_loss,train_acc,val_loss,val_acc,val_acc_ema,phase_switch_epoch
0,1,1e-05,3.173600351205415,0.05306927297668038,3.166923279089672,0.09735372663267783,0.033017722748239865,15
1,1,0.00034,3.1621896174055397,0.08427640603566529,3.156526006984317,0.153192522456907,0.050254916241806266,15
2,1,0.00067,3.0165230390629816,0.2297239368998628,2.8965108991392783,0.46200534110220925,0.23792182568584608,15
3,1,0.0009045180463377549,2.729159288118569,0.31622942386831276,2.542589078976362,0.5824229181840253,0.48191308570041275,15
4,1,0.0008345818466491111,2.491366786067214,0.3631687242798354,2.2420213285595736,0.6535566885166303,0.5193008011653314,15
5,1,0.000750025,2.34973921877203,0.3979766803840878,2.1018924554536342,0.6673949987861131,0.5515901917941248,15
6,1,0.0006545430463377549,2.256592365449348,0.418252743484225,2.0149577550732936,0.6768633163389172,0.5899490167516388,15
7,1,0.0005523090052106633,2.255839058891736,0.42176783264746226,1.9609971717886336,0.705753823743627,0.6266084000971109,15
8,1,0.00044779099478933673,2.229190274684681,0.42198216735253774,1.9564667979789376,0.714008254430687,0.6533139111434815,15
9,1,0.00034555695366224505,2.19853793626296,0.43449931412894377,1.8765393285735135,0.7310026705511047,0.6739499878611314,15
10,1,0.0002500750000000001,2.1949159703300487,0.4324845679012346,1.8931986511144339,0.7322165574168488,0.6965282835639718,15
11,1,0.00016551815335088898,2.1667373518884916,0.43775720164609055,1.9024122807261261,0.7319737800437,0.7076960427288177,15
12,1,9.558195366224507e-05,2.178798885829491,0.43664266117969824,1.9055066281772697,0.7428987618353969,0.71959213401311,15
13,1,4.332294845158164e-05,2.175467869218321,0.44448731138545955,1.7893093944493068,0.7511531925224569,0.7225054624908959,15
14,1,1.1025107013133847e-05,2.1616123813333497,0.43419924554183814,1.8579773425940143,0.7443554260742898,0.7271182325807235,15
15,2,1.0000000000000001e-07,2.1649803742459772,0.43239883401920437,1.8277261891565326,0.7462976450594805,0.733187666909444,15
16,2,9.891830623632339e-06,2.159394387518591,0.4484739368998628,1.7852581904101759,0.7484826414178198,0.726389900461277,15
17,2,9.572050015330874e-06,2.1040564692069474,0.45790466392318246,1.5518215165956706,0.7776159261956785,0.7198349113862588,15
18,2,9.054634122155991e-06,2.0630010258513716,0.45036008230452673,1.4292197758261802,0.8113619810633649,0.7217771303714494,15
19,2,8.36219650147635e-06,2.0232451437922663,0.47286522633744854,1.3739472623298572,0.8159747511531925,0.7246904588492352,15
20,2,7.525e-06,1.9748307224490842,0.4971707818930041,1.3193801387070048,0.834425831512503,0.7295460063122117,15
21,2,6.57963412215599e-06,1.9760980118776381,0.4868827160493827,1.331873334331054,0.8353969410050983,0.7317310026705511,15
22,2,5.5674158931748846e-06,1.9912611247744252,0.47732338820301784,1.313584795620986,0.8446224811847536,0.7317310026705511,15
23,2,4.532584106825116e-06,1.9872211747699313,0.4828532235939643,1.2997209275628387,0.8460791454236465,0.7358582180140811,15
24,2,3.5203658778440107e-06,1.955184347017966,0.4992283950617284,1.2654125931541385,0.8499635833940277,0.7370721048798252,15
25,2,2.575000000000001e-06,1.9225176523742362,0.5048868312757202,1.249483229784631,0.8596746783199806,0.7390143238650158,15
26,2,1.7378034985236534e-06,1.9239927469784668,0.502400548696845,1.2407354278221787,0.8557902403495994,0.7394998786113134,15
27,2,1.0453658778440107e-06,1.9222605123768455,0.4995713305898491,1.2479193989991506,0.8652585579024035,0.7436270939548434,15
28,2,5.279499846691252e-07,1.894459614537871,0.5040294924554184,1.234350714355917,0.8555474629764506,0.7445982034474387,15
29,2,2.0816937636766185e-07,1.913178399920627,0.49412722908093276,1.228803861543489,0.8640446710366594,0.7494537509104151,15
