model,accuracy,precision,recall,f1,weighted_f1,params_M,train_time_s
convnextv2_tiny,0.9925,0.9925,0.994,0.9932,0.9925,27.88,3060.7
vit_base_patch16_224,0.9904,0.99,0.9912,0.9905,0.9904,85.74,3349.1
swin_tiny_patch4_window7_224,0.9887,0.9891,0.9907,0.9896,0.9887,27.53,2981.7
coatnet_0_rw_224,0.9849,0.985,0.9869,0.9855,0.985,26.65,2891.5
deit3_small_patch16_224,0.9108,0.9215,0.9198,0.9095,0.9129,21.65,2648.7
regnety_032,0.8935,0.8995,0.9029,0.8921,0.8942,17.96,3184.2
efficientnetv2_rw_s,0.8846,0.8872,0.8905,0.8835,0.8847,22.19,3222.3
resnetv2_50,0.8309,0.839,0.8413,0.8296,0.827,23.55,2720.2
maxvit_tiny_tf_224,0.7793,0.8075,0.7955,0.7784,0.7754,30.4,4079.3
mobilevit_s,0.6797,0.7348,0.6748,0.6538,0.6679,4.95,2681.7
